Year;Country of origin;Country of asylum;Refugees;Asylum-seekers
2015;Algeria;France;1384;1625
2015;Algeria;United Kingdom of Great Britain and Northern Ireland;334;174
2015;Algeria;Germany;289;3661
2015;Algeria;Greece;33;71
2015;Algeria;Italy;146;114
2015;Algeria;Spain;38;5
2015;Algeria;Switzerland;158;131
2015;Egypt;France;767;279
2015;Egypt;United Kingdom of Great Britain and Northern Ireland;473;373
2015;Egypt;Germany;636;3109
2015;Egypt;Greece;140;228
2015;Egypt;Italy;1397;402
2015;Egypt;Spain;11;35
2015;Egypt;Switzerland;86;53
2015;Bahrain;France;5;5
2015;Bahrain;United Kingdom of Great Britain and Northern Ireland;146;9
2015;Bahrain;Germany;55;9
2015;Bahrain;Italy;5;0
2015;Bahrain;Switzerland;5;0
2015;Palestinian;France;565;162
2015;Palestinian;United Kingdom of Great Britain and Northern Ireland;408;186
2015;Palestinian;Greece;103;7
2015;Palestinian;Italy;702;92
2015;Palestinian;Portugal;5;0
2015;Palestinian;Spain;503;315
2015;Iraq;France;4787;585
2015;Iraq;United Kingdom of Great Britain and Northern Ireland;3014;2375
2015;Iraq;Germany;51396;25278
2015;Iraq;Greece;4348;397
2015;Iraq;Italy;3428;165
2015;Iraq;Portugal;7;14
2015;Iraq;Spain;177;225
2015;Iraq;Switzerland;3501;2120
2015;Israel;France;5;0
2015;Israel;United Kingdom of Great Britain and Northern Ireland;11;5
2015;Israel;Germany;26;60
2015;Israel;Italy;5;0
2015;Israel;Switzerland;0;5
2015;Jordan;France;18;8
2015;Jordan;United Kingdom of Great Britain and Northern Ireland;46;36
2015;Jordan;Germany;138;258
2015;Jordan;Greece;5;0
2015;Jordan;Italy;20;11
2015;Jordan;Spain;22;30
2015;Jordan;Switzerland;44;22
2015;Kuwait;France;9;5
2015;Kuwait;United Kingdom of Great Britain and Northern Ireland;749;85
2015;Kuwait;Germany;5;5
2015;Kuwait;Italy;5;0
2015;Libya;France;143;710
2015;Libya;United Kingdom of Great Britain and Northern Ireland;1138;1021
2015;Libya;Germany;334;1574
2015;Libya;Greece;26;6
2015;Libya;Italy;392;151
2015;Libya;Portugal;11;0
2015;Libya;Spain;5;60
2015;Libya;Switzerland;250;101
2015;Lebanon;France;117;54
2015;Lebanon;United Kingdom of Great Britain and Northern Ireland;129;126
2015;Lebanon;Germany;521;2068
2015;Lebanon;Greece;9;10
2015;Lebanon;Italy;348;47
2015;Lebanon;Spain;0;50
2015;Lebanon;Switzerland;44;35
2015;Mauritania;France;5066;804
2015;Mauritania;United Kingdom of Great Britain and Northern Ireland;7;0
2015;Mauritania;Germany;15;160
2015;Mauritania;Greece;39;10
2015;Mauritania;Italy;282;54
2015;Mauritania;Portugal;5;0
2015;Mauritania;Spain;0;15
2015;Mauritania;Switzerland;5;11
2015;Morocco;France;254;388
2015;Morocco;United Kingdom of Great Britain and Northern Ireland;134;65
2015;Morocco;Germany;161;2441
2015;Morocco;Greece;42;57
2015;Morocco;Italy;346;388
2015;Morocco;Portugal;7;5
2015;Morocco;Spain;51;115
2015;Morocco;Switzerland;38;105
2015;Oman;United Kingdom of Great Britain and Northern Ireland;8;6
2015;Oman;Germany;5;5
2015;Qatar;United Kingdom of Great Britain and Northern Ireland;5;0
2015;Saudi Arabia;France;5;0
2015;Saudi Arabia;United Kingdom of Great Britain and Northern Ireland;71;42
2015;Saudi Arabia;Germany;15;16
2015;Saudi Arabia;Italy;6;0
2015;Saudi Arabia;Switzerland;0;5
2015;Syrian Arab Rep.;France;5179;2711
2015;Syrian Arab Rep.;United Kingdom of Great Britain and Northern Ireland;6496;1648
2015;Syrian Arab Rep.;Germany;115604;81582
2015;Syrian Arab Rep.;Greece;9101;450
2015;Syrian Arab Rep.;Italy;1460;246
2015;Syrian Arab Rep.;Portugal;17;28
2015;Syrian Arab Rep.;Spain;1992;3280
2015;Syrian Arab Rep.;Switzerland;8695;4462
2015;Tunisia;France;247;120
2015;Tunisia;United Kingdom of Great Britain and Northern Ireland;31;26
2015;Tunisia;Germany;90;1129
2015;Tunisia;Greece;6;11
2015;Tunisia;Italy;479;182
2015;Tunisia;Portugal;0;5
2015;Tunisia;Spain;0;5
2015;Tunisia;Switzerland;294;104
2015;United Arab Emirates;United Kingdom of Great Britain and Northern Ireland;15;17
2015;United Arab Emirates;Germany;0;6
2015;Western Sahara;France;297;794
2015;Western Sahara;United Kingdom of Great Britain and Northern Ireland;11;0
2015;Western Sahara;Italy;0;5
2015;Western Sahara;Spain;16;25
2015;Western Sahara;Switzerland;7;0
2015;Yemen;France;63;53
2015;Yemen;United Kingdom of Great Britain and Northern Ireland;292;94
2015;Yemen;Germany;140;538
2015;Yemen;Greece;6;25
2015;Yemen;Italy;58;14
2015;Yemen;Spain;5;0
2015;Yemen;Switzerland;323;54
2016;Algeria;France;1534;1273
2016;Algeria;United Kingdom of Great Britain and Northern Ireland;321;176
2016;Algeria;Germany;397;2744
2016;Algeria;Greece;39;401
2016;Algeria;Italy;165;83
2016;Algeria;Spain;42;400
2016;Algeria;Switzerland;149;140
2016;Egypt;France;842;284
2016;Egypt;United Kingdom of Great Britain and Northern Ireland;539;435
2016;Egypt;Germany;1079;3231
2016;Egypt;Greece;159;409
2016;Egypt;Italy;1672;732
2016;Egypt;Spain;11;40
2016;Egypt;Switzerland;95;44
2016;Bahrain;France;5;0
2016;Bahrain;United Kingdom of Great Britain and Northern Ireland;153;7
2016;Bahrain;Germany;58;21
2016;Bahrain;Italy;5;0
2016;Bahrain;Switzerland;5;0
2016;Palestinian;France;705;155
2016;Palestinian;United Kingdom of Great Britain and Northern Ireland;480;148
2016;Palestinian;Greece;155;524
2016;Palestinian;Italy;792;226
2016;Palestinian;Portugal;5;5
2016;Palestinian;Spain;595;825
2016;Iraq;France;6043;711
2016;Iraq;United Kingdom of Great Britain and Northern Ireland;3687;2736
2016;Iraq;Germany;86045;65646
2016;Iraq;Greece;8161;3135
2016;Iraq;Italy;4264;1021
2016;Iraq;Portugal;19;75
2016;Iraq;Spain;228;250
2016;Iraq;Switzerland;3494;2079
2016;Israel;France;5;5
2016;Israel;United Kingdom of Great Britain and Northern Ireland;10;14
2016;Israel;Germany;26;59
2016;Israel;Italy;5;9
2016;Israel;Switzerland;5;0
2016;Jordan;France;23;5
2016;Jordan;United Kingdom of Great Britain and Northern Ireland;49;58
2016;Jordan;Germany;182;344
2016;Jordan;Greece;5;10
2016;Jordan;Italy;26;8
2016;Jordan;Spain;22;25
2016;Jordan;Switzerland;52;17
2016;Kuwait;France;41;0
2016;Kuwait;United Kingdom of Great Britain and Northern Ireland;588;122
2016;Kuwait;Germany;14;25
2016;Kuwait;Greece;0;10
2016;Kuwait;Italy;6;0
2016;Kuwait;Switzerland;0;8
2016;Libya;France;322;711
2016;Libya;United Kingdom of Great Britain and Northern Ireland;1368;723
2016;Libya;Germany;686;1829
2016;Libya;Greece;24;11
2016;Libya;Italy;603;257
2016;Libya;Portugal;14;0
2016;Libya;Spain;5;55
2016;Libya;Switzerland;277;96
2016;Lebanon;France;134;18
2016;Lebanon;United Kingdom of Great Britain and Northern Ireland;129;0
2016;Lebanon;Germany;804;4452
2016;Lebanon;Greece;16;82
2016;Lebanon;Italy;349;75
2016;Lebanon;Spain;10;65
2016;Lebanon;Switzerland;44;34
2016;Mauritania;France;5183;542
2016;Mauritania;United Kingdom of Great Britain and Northern Ireland;7;0
2016;Mauritania;Germany;17;174
2016;Mauritania;Greece;41;14
2016;Mauritania;Italy;331;55
2016;Mauritania;Portugal;5;0
2016;Mauritania;Spain;0;20
2016;Mauritania;Switzerland;5;7
2016;Morocco;France;352;439
2016;Morocco;United Kingdom of Great Britain and Northern Ireland;148;90
2016;Morocco;Germany;298;2440
2016;Morocco;Greece;61;224
2016;Morocco;Italy;477;1402
2016;Morocco;Portugal;9;0
2016;Morocco;Spain;59;385
2016;Morocco;Switzerland;48;127
2016;Oman;United Kingdom of Great Britain and Northern Ireland;12;8
2016;Oman;Germany;5;5
2016;Qatar;United Kingdom of Great Britain and Northern Ireland;5;5
2016;Saudi Arabia;France;8;0
2016;Saudi Arabia;United Kingdom of Great Britain and Northern Ireland;103;46
2016;Saudi Arabia;Germany;62;41
2016;Saudi Arabia;Greece;0;5
2016;Saudi Arabia;Italy;6;0
2016;Saudi Arabia;Switzerland;5;9
2016;Syrian Arab Rep.;France;8991;2149
2016;Syrian Arab Rep.;United Kingdom of Great Britain and Northern Ireland;8269;1010
2016;Syrian Arab Rep.;Germany;375122;100527
2016;Syrian Arab Rep.;Greece;14420;13997
2016;Syrian Arab Rep.;Italy;2613;548
2016;Syrian Arab Rep.;Portugal;82;300
2016;Syrian Arab Rep.;Spain;8205;1600
2016;Syrian Arab Rep.;Switzerland;11159;3858
2016;Tunisia;France;272;32
2016;Tunisia;United Kingdom of Great Britain and Northern Ireland;35;40
2016;Tunisia;Germany;106;856
2016;Tunisia;Greece;6;32
2016;Tunisia;Italy;542;312
2016;Tunisia;Portugal;0;5
2016;Tunisia;Spain;0;20
2016;Tunisia;Switzerland;283;53
2016;United Arab Emirates;United Kingdom of Great Britain and Northern Ireland;18;5
2016;United Arab Emirates;Germany;10;10
2016;Western Sahara;France;420;1358
2016;Western Sahara;United Kingdom of Great Britain and Northern Ireland;11;0
2016;Western Sahara;Greece;0;5
2016;Western Sahara;Italy;5;0
2016;Western Sahara;Spain;17;15
2016;Western Sahara;Switzerland;8;5
2016;Yemen;France;143;5
2016;Yemen;United Kingdom of Great Britain and Northern Ireland;356;77
2016;Yemen;Germany;291;787
2016;Yemen;Greece;57;32
2016;Yemen;Italy;74;33
2016;Yemen;Portugal;0;5
2016;Yemen;Spain;9;55
2016;Yemen;Switzerland;339;42
2017;Algeria;France;1654;1424
2017;Algeria;United Kingdom of Great Britain and Northern Ireland;323;201
2017;Algeria;Germany;524;1748
2017;Algeria;Greece;62;328
2017;Algeria;Italy;186;169
2017;Algeria;Spain;46;484
2017;Algeria;Switzerland;160;148
2017;Egypt;France;886;302
2017;Egypt;United Kingdom of Great Britain and Northern Ireland;651;406
2017;Egypt;Germany;1798;3038
2017;Egypt;Greece;191;685
2017;Egypt;Italy;1995;968
2017;Egypt;Spain;14;21
2017;Egypt;Switzerland;106;34
2017;Bahrain;France;6;0
2017;Bahrain;United Kingdom of Great Britain and Northern Ireland;154;18
2017;Bahrain;Germany;73;18
2017;Bahrain;Italy;5;0
2017;Bahrain;Switzerland;5;0
2017;Palestinian;France;813;199
2017;Palestinian;United Kingdom of Great Britain and Northern Ireland;486;238
2017;Palestinian;Greece;606;622
2017;Palestinian;Italy;954;234
2017;Palestinian;Portugal;5;0
2017;Palestinian;Spain;862;1315
2017;Iraq;France;7265;946
2017;Iraq;United Kingdom of Great Britain and Northern Ireland;4192;2868
2017;Iraq;Germany;130640;45672
2017;Iraq;Greece;4473;5436
2017;Iraq;Italy;5359;1565
2017;Iraq;Portugal;57;0
2017;Iraq;Spain;319;197
2017;Iraq;Switzerland;4015;1394
2017;Israel;France;7;0
2017;Israel;United Kingdom of Great Britain and Northern Ireland;10;6
2017;Israel;Germany;33;38
2017;Israel;Italy;7;0
2017;Israel;Switzerland;5;0
2017;Jordan;France;27;0
2017;Jordan;United Kingdom of Great Britain and Northern Ireland;54;39
2017;Jordan;Germany;318;389
2017;Jordan;Greece;8;26
2017;Jordan;Italy;27;17
2017;Jordan;Spain;29;15
2017;Jordan;Switzerland;57;10
2017;Kuwait;France;77;0
2017;Kuwait;United Kingdom of Great Britain and Northern Ireland;542;159
2017;Kuwait;Germany;31;41
2017;Kuwait;Greece;42;210
2017;Kuwait;Italy;5;5
2017;Kuwait;Switzerland;0;8
2017;Libya;France;540;519
2017;Libya;United Kingdom of Great Britain and Northern Ireland;1753;990
2017;Libya;Germany;1379;1692
2017;Libya;Greece;29;13
2017;Libya;Italy;837;604
2017;Libya;Portugal;14;0
2017;Libya;Spain;24;50
2017;Libya;Switzerland;297;71
2017;Lebanon;France;135;30
2017;Lebanon;United Kingdom of Great Britain and Northern Ireland;150;92
2017;Lebanon;Germany;1390;4148
2017;Lebanon;Greece;30;80
2017;Lebanon;Italy;313;61
2017;Lebanon;Spain;25;109
2017;Lebanon;Switzerland;41;24
2017;Mauritania;France;5320;526
2017;Mauritania;United Kingdom of Great Britain and Northern Ireland;5;0
2017;Mauritania;Germany;33;120
2017;Mauritania;Greece;49;8
2017;Mauritania;Italy;342;48
2017;Mauritania;Portugal;5;0
2017;Mauritania;Spain;0;37
2017;Mauritania;Switzerland;6;7
2017;Morocco;France;473;359
2017;Morocco;United Kingdom of Great Britain and Northern Ireland;167;115
2017;Morocco;Germany;576;1691
2017;Morocco;Greece;107;275
2017;Morocco;Italy;746;1901
2017;Morocco;Portugal;9;0
2017;Morocco;Spain;112;402
2017;Morocco;Switzerland;62;101
2017;Oman;United Kingdom of Great Britain and Northern Ireland;11;11
2017;Oman;Germany;9;6
2017;Qatar;United Kingdom of Great Britain and Northern Ireland;6;0
2017;Saudi Arabia;France;12;0
2017;Saudi Arabia;United Kingdom of Great Britain and Northern Ireland;129;55
2017;Saudi Arabia;Germany;105;42
2017;Saudi Arabia;Greece;5;5
2017;Saudi Arabia;Italy;7;13
2017;Saudi Arabia;Switzerland;5;13
2017;Syrian Arab Rep.;France;12520;2394
2017;Syrian Arab Rep.;United Kingdom of Great Britain and Northern Ireland;9100;574
2017;Syrian Arab Rep.;Germany;496674;70833
2017;Syrian Arab Rep.;Greece;13714;9605
2017;Syrian Arab Rep.;Italy;3618;1696
2017;Syrian Arab Rep.;Portugal;307;0
2017;Syrian Arab Rep.;Spain;11752;2255
2017;Syrian Arab Rep.;Switzerland;13639;3192
2017;Tunisia;France;293;43
2017;Tunisia;United Kingdom of Great Britain and Northern Ireland;39;37
2017;Tunisia;Germany;160;592
2017;Tunisia;Greece;16;55
2017;Tunisia;Italy;601;548
2017;Tunisia;Spain;0;14
2017;Tunisia;Switzerland;273;67
2017;United Arab Emirates;United Kingdom of Great Britain and Northern Ireland;18;5
2017;United Arab Emirates;Germany;27;5
2017;United Arab Emirates;Italy;0;5
2017;Western Sahara;France;512;1104
2017;Western Sahara;United Kingdom of Great Britain and Northern Ireland;11;0
2017;Western Sahara;Greece;0;6
2017;Western Sahara;Italy;5;0
2017;Western Sahara;Spain;17;127
2017;Western Sahara;Switzerland;7;5
2017;Yemen;France;218;11
2017;Yemen;United Kingdom of Great Britain and Northern Ireland;453;124
2017;Yemen;Germany;1171;682
2017;Yemen;Greece;158;108
2017;Yemen;Italy;113;42
2017;Yemen;Spain;21;210
2017;Yemen;Switzerland;339;47
2018;Algeria;France;1790;1395
2018;Algeria;United Kingdom of Great Britain and Northern Ireland;337;257
2018;Algeria;Germany;589;1295
2018;Algeria;Greece;86;677
2018;Algeria;Italy;199;165
2018;Algeria;Spain;48;1215
2018;Algeria;Switzerland;162;194
2018;Egypt;France;980;413
2018;Egypt;United Kingdom of Great Britain and Northern Ireland;758;327
2018;Egypt;Germany;2122;2589
2018;Egypt;Greece;264;1284
2018;Egypt;Italy;2289;796
2018;Egypt;Spain;15;65
2018;Egypt;Switzerland;110;19
2018;Bahrain;France;10;0
2018;Bahrain;United Kingdom of Great Britain and Northern Ireland;168;11
2018;Bahrain;Germany;79;14
2018;Bahrain;Italy;5;0
2018;Bahrain;Switzerland;5;0
2018;Palestinian;France;940;271
2018;Palestinian;United Kingdom of Great Britain and Northern Ireland;536;259
2018;Palestinian;Greece;1290;1242
2018;Palestinian;Italy;1049;205
2018;Palestinian;Portugal;5;5
2018;Palestinian;Spain;1051;2510
2018;Iraq;France;8131;1521
2018;Iraq;United Kingdom of Great Britain and Northern Ireland;4708;3420
2018;Iraq;Germany;136463;41954
2018;Iraq;Greece;8828;9066
2018;Iraq;Italy;6174;1011
2018;Iraq;Portugal;162;0
2018;Iraq;Spain;324;150
2018;Iraq;Switzerland;4476;854
2018;Israel;France;7;0
2018;Israel;United Kingdom of Great Britain and Northern Ireland;6;5
2018;Israel;Germany;41;36
2018;Israel;Italy;7;5
2018;Israel;Switzerland;5;5
2018;Jordan;France;31;5
2018;Jordan;United Kingdom of Great Britain and Northern Ireland;70;56
2018;Jordan;Germany;382;387
2018;Jordan;Greece;19;37
2018;Jordan;Italy;35;15
2018;Jordan;Spain;28;20
2018;Jordan;Switzerland;66;5
2018;Kuwait;France;121;173
2018;Kuwait;United Kingdom of Great Britain and Northern Ireland;583;424
2018;Kuwait;Germany;27;51
2018;Kuwait;Greece;85;60
2018;Kuwait;Italy;8;0
2018;Kuwait;Switzerland;0;5
2018;Libya;France;721;792
2018;Libya;United Kingdom of Great Britain and Northern Ireland;3003;815
2018;Libya;Germany;1732;1345
2018;Libya;Greece;39;48
2018;Libya;Italy;1142;367
2018;Libya;Portugal;14;0
2018;Libya;Spain;24;145
2018;Libya;Switzerland;303;66
2018;Lebanon;France;140;124
2018;Lebanon;United Kingdom of Great Britain and Northern Ireland;171;50
2018;Lebanon;Germany;1557;2820
2018;Lebanon;Greece;41;99
2018;Lebanon;Italy;328;44
2018;Lebanon;Spain;24;130
2018;Lebanon;Switzerland;36;23
2018;Mauritania;France;5419;959
2018;Mauritania;United Kingdom of Great Britain and Northern Ireland;6;5
2018;Mauritania;Germany;34;87
2018;Mauritania;Greece;53;21
2018;Mauritania;Italy;347;37
2018;Mauritania;Portugal;5;0
2018;Mauritania;Spain;0;95
2018;Mauritania;Switzerland;9;0
2018;Morocco;France;632;449
2018;Morocco;United Kingdom of Great Britain and Northern Ireland;198;114
2018;Morocco;Germany;712;1310
2018;Morocco;Greece;150;345
2018;Morocco;Italy;1076;2275
2018;Morocco;Portugal;9;0
2018;Morocco;Spain;173;1060
2018;Morocco;Switzerland;67;96
2018;Oman;United Kingdom of Great Britain and Northern Ireland;16;11
2018;Oman;Germany;9;6
2018;Qatar;United Kingdom of Great Britain and Northern Ireland;5;0
2018;Saudi Arabia;France;12;0
2018;Saudi Arabia;United Kingdom of Great Britain and Northern Ireland;165;74
2018;Saudi Arabia;Germany;130;36
2018;Saudi Arabia;Greece;7;0
2018;Saudi Arabia;Italy;11;11
2018;Saudi Arabia;Spain;0;5
2018;Saudi Arabia;Switzerland;7;11
2018;Syrian Arab Rep.;France;15822;3352
2018;Syrian Arab Rep.;United Kingdom of Great Britain and Northern Ireland;9720;685
2018;Syrian Arab Rep.;Germany;532065;52396
2018;Syrian Arab Rep.;Greece;23931;14104
2018;Syrian Arab Rep.;Italy;4652;1197
2018;Syrian Arab Rep.;Portugal;602;0
2018;Syrian Arab Rep.;Spain;13765;2320
2018;Syrian Arab Rep.;Switzerland;16565;1789
2018;Tunisia;France;326;225
2018;Tunisia;United Kingdom of Great Britain and Northern Ireland;53;43
2018;Tunisia;Germany;197;599
2018;Tunisia;Greece;19;53
2018;Tunisia;Italy;672;705
2018;Tunisia;Spain;0;100
2018;Tunisia;Switzerland;246;34
2018;United Arab Emirates;United Kingdom of Great Britain and Northern Ireland;20;8
2018;United Arab Emirates;Germany;33;5
2018;United Arab Emirates;Switzerland;0;68
2018;Western Sahara;France;573;1097
2018;Western Sahara;United Kingdom of Great Britain and Northern Ireland;11;5
2018;Western Sahara;Greece;7;5
2018;Western Sahara;Italy;5;0
2018;Western Sahara;Spain;19;95
2018;Western Sahara;Switzerland;9;0
2018;Yemen;France;338;196
2018;Yemen;United Kingdom of Great Britain and Northern Ireland;624;168
2018;Yemen;Germany;1809;873
2018;Yemen;Greece;369;178
2018;Yemen;Italy;141;54
2018;Yemen;Portugal;7;0
2018;Yemen;Spain;103;500
2018;Yemen;Switzerland;336;20
2019;Algeria;France;1997;1211
2019;Algeria;United Kingdom of Great Britain and Northern Ireland;344;353
2019;Algeria;Germany;613;1090
2019;Algeria;Greece;98;478
2019;Algeria;Italy;228;130
2019;Algeria;Portugal;0;5
2019;Algeria;Spain;61;1345
2019;Algeria;Switzerland;162;147
2019;Egypt;France;1091;417
2019;Egypt;United Kingdom of Great Britain and Northern Ireland;860;510
2019;Egypt;Germany;2310;2194
2019;Egypt;Greece;343;1502
2019;Egypt;Italy;2379;638
2019;Egypt;Portugal;0;9
2019;Egypt;Spain;39;125
2019;Egypt;Switzerland;115;24
2019;Bahrain;France;10;0
2019;Bahrain;United Kingdom of Great Britain and Northern Ireland;177;12
2019;Bahrain;Germany;89;5
2019;Bahrain;Italy;5;0
2019;Bahrain;Switzerland;5;0
2019;Palestinian;France;1109;232
2019;Palestinian;United Kingdom of Great Britain and Northern Ireland;608;345
2019;Palestinian;Greece;2756;1530
2019;Palestinian;Italy;1086;90
2019;Palestinian;Portugal;5;0
2019;Palestinian;Spain;1184;1385
2019;Iraq;France;8829;1330
2019;Iraq;United Kingdom of Great Britain and Northern Ireland;5752;5338
2019;Iraq;Germany;141650;35175
2019;Iraq;Greece;9614;7283
2019;Iraq;Italy;6994;934
2019;Iraq;Portugal;181;5
2019;Iraq;Spain;292;250
2019;Iraq;Switzerland;4545;671
2019;Israel;France;7;0
2019;Israel;United Kingdom of Great Britain and Northern Ireland;7;10
2019;Israel;Germany;39;41
2019;Israel;Italy;9;0
2019;Israel;Spain;0;10
2019;Israel;Switzerland;5;0
2019;Jordan;France;32;5
2019;Jordan;United Kingdom of Great Britain and Northern Ireland;73;99
2019;Jordan;Germany;435;450
2019;Jordan;Greece;24;27
2019;Jordan;Italy;41;10
2019;Jordan;Portugal;0;5
2019;Jordan;Spain;30;30
2019;Jordan;Switzerland;59;0
2019;Kuwait;France;164;401
2019;Kuwait;United Kingdom of Great Britain and Northern Ireland;640;342
2019;Kuwait;Germany;30;31
2019;Kuwait;Greece;104;97
2019;Kuwait;Italy;13;5
2019;Kuwait;Spain;0;5
2019;Kuwait;Switzerland;6;0
2019;Libya;France;1028;632
2019;Libya;United Kingdom of Great Britain and Northern Ireland;3755;896
2019;Libya;Germany;1987;1183
2019;Libya;Greece;40;38
2019;Libya;Italy;1436;192
2019;Libya;Portugal;15;10
2019;Libya;Spain;51;140
2019;Libya;Switzerland;312;50
2019;Lebanon;France;147;38
2019;Lebanon;United Kingdom of Great Britain and Northern Ireland;180;126
2019;Lebanon;Germany;1656;2248
2019;Lebanon;Greece;55;55
2019;Lebanon;Italy;372;97
2019;Lebanon;Spain;25;175
2019;Lebanon;Switzerland;43;20
2019;Mauritania;France;5675;1307
2019;Mauritania;United Kingdom of Great Britain and Northern Ireland;6;5
2019;Mauritania;Germany;41;97
2019;Mauritania;Greece;55;18
2019;Mauritania;Italy;355;8
2019;Mauritania;Portugal;5;0
2019;Mauritania;Spain;5;120
2019;Mauritania;Switzerland;10;5
2019;Morocco;France;794;518
2019;Morocco;United Kingdom of Great Britain and Northern Ireland;220;206
2019;Morocco;Germany;800;1152
2019;Morocco;Greece;175;265
2019;Morocco;Italy;1284;1102
2019;Morocco;Portugal;9;28
2019;Morocco;Spain;366;1980
2019;Morocco;Switzerland;68;58
2019;Oman;United Kingdom of Great Britain and Northern Ireland;19;17
2019;Oman;Germany;9;11
2019;Oman;Spain;0;5
2019;Qatar;United Kingdom of Great Britain and Northern Ireland;5;10
2019;Qatar;Germany;5;0
2019;Saudi Arabia;France;18;5
2019;Saudi Arabia;United Kingdom of Great Britain and Northern Ireland;212;152
2019;Saudi Arabia;Germany;145;39
2019;Saudi Arabia;Greece;7;0
2019;Saudi Arabia;Italy;25;20
2019;Saudi Arabia;Spain;5;5
2019;Saudi Arabia;Switzerland;11;9
2019;Syrian Arab Rep.;France;18244;3246
2019;Syrian Arab Rep.;United Kingdom of Great Britain and Northern Ireland;10389;1228
2019;Syrian Arab Rep.;Germany;572818;41585
2019;Syrian Arab Rep.;Greece;26696;16165
2019;Syrian Arab Rep.;Italy;4781;917
2019;Syrian Arab Rep.;Portugal;768;5
2019;Syrian Arab Rep.;Spain;14133;2805
2019;Syrian Arab Rep.;Switzerland;18755;918
2019;Tunisia;France;368;305
2019;Tunisia;United Kingdom of Great Britain and Northern Ireland;60;60
2019;Tunisia;Germany;218;578
2019;Tunisia;Greece;21;42
2019;Tunisia;Italy;713;315
2019;Tunisia;Spain;7;305
2019;Tunisia;Switzerland;205;27
2019;United Arab Emirates;United Kingdom of Great Britain and Northern Ireland;23;8
2019;United Arab Emirates;Germany;39;0
2019;United Arab Emirates;Italy;5;0
2019;Western Sahara;France;715;293
2019;Western Sahara;United Kingdom of Great Britain and Northern Ireland;12;0
2019;Western Sahara;Greece;9;11
2019;Western Sahara;Italy;5;0
2019;Western Sahara;Spain;19;50
2019;Western Sahara;Switzerland;9;5
2019;Yemen;France;454;62
2019;Yemen;United Kingdom of Great Britain and Northern Ireland;819;290
2019;Yemen;Germany;2629;895
2019;Yemen;Greece;574;213
2019;Yemen;Italy;151;40
2019;Yemen;Portugal;9;0
2019;Yemen;Spain;206;675
2019;Yemen;Switzerland;130;12
2020;Algeria;France;2067;1252
2020;Algeria;United Kingdom of Great Britain and Northern Ireland;343;364
2020;Algeria;Germany;583;1109
2020;Algeria;Greece;109;429
2020;Algeria;Italy;233;146
2020;Algeria;Spain;68;1170
2020;Algeria;Switzerland;167;114
2020;Egypt;France;1093;469
2020;Egypt;United Kingdom of Great Britain and Northern Ireland;913;461
2020;Egypt;Germany;2130;2021
2020;Egypt;Greece;370;1841
2020;Egypt;Italy;2420;677
2020;Egypt;Portugal;0;5
2020;Egypt;Spain;55;90
2020;Egypt;Switzerland;127;14
2020;Bahrain;France;10;0
2020;Bahrain;United Kingdom of Great Britain and Northern Ireland;179;16
2020;Bahrain;Germany;88;6
2020;Bahrain;Italy;5;0
2020;Bahrain;Switzerland;5;0
2020;Palestinian;France;1179;216
2020;Palestinian;United Kingdom of Great Britain and Northern Ireland;645;311
2020;Palestinian;Germany;1964;403
2020;Palestinian;Greece;3789;1228
2020;Palestinian;Italy;1036;153
2020;Palestinian;Portugal;5;0
2020;Palestinian;Spain;1192;660
2020;Iraq;France;8933;1395
2020;Iraq;United Kingdom of Great Britain and Northern Ireland;6231;4941
2020;Iraq;Germany;131935;32890
2020;Iraq;Greece;10455;6468
2020;Iraq;Italy;7003;1157
2020;Iraq;Portugal;181;5
2020;Iraq;Spain;291;235
2020;Iraq;Switzerland;4733;471
2020;Israel;France;7;0
2020;Israel;United Kingdom of Great Britain and Northern Ireland;7;11
2020;Israel;Germany;36;33
2020;Israel;Italy;8;5
2020;Israel;Spain;0;10
2020;Israel;Switzerland;5;0
2020;Jordan;France;32;14
2020;Jordan;United Kingdom of Great Britain and Northern Ireland;83;100
2020;Jordan;Germany;443;501
2020;Jordan;Greece;37;17
2020;Jordan;Italy;40;23
2020;Jordan;Portugal;0;5
2020;Jordan;Spain;29;30
2020;Jordan;Switzerland;59;5
2020;Kuwait;France;191;349
2020;Kuwait;United Kingdom of Great Britain and Northern Ireland;661;311
2020;Kuwait;Germany;30;45
2020;Kuwait;Greece;118;58
2020;Kuwait;Italy;13;0
2020;Kuwait;Spain;0;5
2020;Kuwait;Switzerland;6;0
2020;Libya;France;1125;674
2020;Libya;United Kingdom of Great Britain and Northern Ireland;4140;750
2020;Libya;Germany;2112;1089
2020;Libya;Greece;41;35
2020;Libya;Italy;1479;251
2020;Libya;Portugal;15;0
2020;Libya;Spain;57;110
2020;Libya;Switzerland;329;41
2020;Lebanon;France;155;56
2020;Lebanon;United Kingdom of Great Britain and Northern Ireland;182;132
2020;Lebanon;Germany;1646;2269
2020;Lebanon;Greece;62;77
2020;Lebanon;Italy;367;62
2020;Lebanon;Spain;27;80
2020;Lebanon;Switzerland;46;18
2020;Mauritania;France;5766;1465
2020;Mauritania;United Kingdom of Great Britain and Northern Ireland;9;0
2020;Mauritania;Germany;38;97
2020;Mauritania;Greece;57;20
2020;Mauritania;Italy;350;8
2020;Mauritania;Spain;14;100
2020;Mauritania;Switzerland;10;5
2020;Morocco;France;840;538
2020;Morocco;United Kingdom of Great Britain and Northern Ireland;222;252
2020;Morocco;Germany;773;1149
2020;Morocco;Greece;189;249
2020;Morocco;Italy;1384;1011
2020;Morocco;Portugal;9;25
2020;Morocco;Spain;430;1825
2020;Morocco;Switzerland;74;54
2020;Oman;United Kingdom of Great Britain and Northern Ireland;19;10
2020;Oman;Germany;9;11
2020;Oman;Spain;0;5
2020;Qatar;United Kingdom of Great Britain and Northern Ireland;6;13
2020;Qatar;Germany;5;0
2020;Saudi Arabia;France;28;0
2020;Saudi Arabia;United Kingdom of Great Britain and Northern Ireland;247;149
2020;Saudi Arabia;Germany;160;22
2020;Saudi Arabia;Greece;7;5
2020;Saudi Arabia;Italy;25;0
2020;Saudi Arabia;Spain;5;5
2020;Saudi Arabia;Switzerland;18;0
2020;Syrian Arab Rep.;France;19265;3101
2020;Syrian Arab Rep.;United Kingdom of Great Britain and Northern Ireland;11422;1459
2020;Syrian Arab Rep.;Germany;562168;38124
2020;Syrian Arab Rep.;Greece;36013;7520
2020;Syrian Arab Rep.;Italy;4815;1060
2020;Syrian Arab Rep.;Portugal;768;0
2020;Syrian Arab Rep.;Spain;14491;1805
2020;Syrian Arab Rep.;Switzerland;20077;263
2020;Tunisia;France;384;315
2020;Tunisia;United Kingdom of Great Britain and Northern Ireland;63;63
2020;Tunisia;Germany;213;562
2020;Tunisia;Greece;22;36
2020;Tunisia;Italy;730;336
2020;Tunisia;Spain;14;155
2020;Tunisia;Switzerland;207;23
2020;United Arab Emirates;United Kingdom of Great Britain and Northern Ireland;25;8
2020;United Arab Emirates;Germany;37;0
2020;United Arab Emirates;Italy;5;5
2020;Western Sahara;France;728;333
2020;Western Sahara;United Kingdom of Great Britain and Northern Ireland;11;0
2020;Western Sahara;Greece;9;9
2020;Western Sahara;Italy;6;0
2020;Western Sahara;Spain;20;40
2020;Western Sahara;Switzerland;9;0
2020;Yemen;France;510;72
2020;Yemen;United Kingdom of Great Britain and Northern Ireland;912;440
2020;Yemen;Germany;2820;923
2020;Yemen;Greece;752;96
2020;Yemen;Italy;154;54
2020;Yemen;Portugal;9;0
2020;Yemen;Spain;225;585
2020;Yemen;Switzerland;145;6